price,name
3,ddd
3,ddd
3,ddd
3,ddd
3,ddd
3,ddd
3,ddd
3,ddd
3,ddd
3,ddd
3,ddd
3,ddd
3,ddd
3,ddd
3,ddd
3,ddd
3,ddd
3,ddd
3,ddd
3,ddd
3,ddd
3,ddd
3,ddd
3,ddd
3,ddd
3,ddd
3,ddd
3,ddd
3,ddd
3,ddd
3,ddd
3,ddd
3,ddd
3,ddd
3,ddd
3,ddd
3,ddd
3,ddd
3,ddd
3,ddd
3,ddd
3,ddd
3,ddd
3,ddd
3,ddd
3,ddd
3,ddd
3,ddd
3,ddd
3,ddd
3,ddd
3,ddd
3,ddd
3,ddd
3,ddd
3,ddd
3,ddd
3,ddd
3,ddd
3,ddd
3,ddd
3,ddd
3,ddd
3,ddd
3,ddd
3,ddd
3,ddd
3,ddd
3,ddd
3,ddd
3,ddd
3,ddd
3,ddd
3,ddd
3,ddd
3,ddd
3,ddd
3,ddd
3,ddd
3,ddd
3,ddd
3,ddd
3,ddd
3,ddd
3,ddd
3,ddd
3,ddd
3,ddd
3,ddd
3,ddd
3,ddd
3,ddd
3,ddd
3,ddd
3,ddd
3,ddd
3,ddd
3,ddd
3,ddd
3,ddd
3,ddd
3,ddd
3,ddd
3,ddd
3,ddd
3,ddd
3,ddd
3,ddd
3,ddd
3,ddd
3,ddd
3,ddd
3,ddd
3,ddd
3,ddd
3,ddd
3,ddd
3,ddd
3,ddd
3,ddd
3,ddd
3,ddd
3,ddd
3,ddd
3,ddd
3,ddd
3,ddd
3,ddd
3,ddd
3,ddd
3,ddd
3,ddd
3,ddd
3,ddd
3,ddd
3,ddd
3,ddd
3,ddd
3,ddd
3,ddd
3,ddd
3,ddd
3,ddd
3,ddd
3,ddd
3,ddd
3,ddd
3,ddd
3,ddd
3,ddd
3,ddd
3,ddd
3,ddd
3,ddd
3,ddd
3,ddd
3,ddd
3,ddd
3,ddd
3,ddd
3,ddd
3,ddd
3,ddd
3,ddd
3,ddd
3,ddd
3,ddd
3,ddd
3,ddd
3,ddd
3,ddd
3,ddd
3,ddd
3,ddd
3,ddd
3,ddd
3,ddd
3,ddd
3,ddd
3,ddd
3,ddd
3,ddd
3,ddd
3,ddd
3,ddd
3,ddd
3,ddd
3,ddd
3,ddd
3,ddd
3,ddd
3,ddd
3,ddd
3,ddd
3,ddd
3,ddd
3,ddd
3,ddd
3,ddd
3,ddd
3,ddd
3,ddd
3,ddd
3,ddd
3,ddd
3,ddd
3,ddd
3,ddd
3,ddd
3,ddd
3,ddd
3,ddd
3,ddd
3,ddd
3,ddd
3,ddd
3,ddd
3,ddd
3,ddd
3,ddd
3,ddd
3,ddd
3,ddd
3,ddd
3,ddd
3,ddd
3,ddd
3,ddd
3,ddd
3,ddd
3,ddd
3,ddd
3,ddd
3,ddd
3,ddd
3,ddd
3,ddd
3,ddd
3,ddd
3,ddd
3,ddd
3,ddd
3,ddd
3,ddd
3,ddd
3,ddd
